bearID,sampleDate,sampleTime,latitude,longitude,agency,sex,bearAge,ageCode,cubAgeClass,reproClass,SLBL,correctedSLBL,girth,mass,cortisolAssay_pg_mg,,
1,1985-05-11,18:57,70.6167,-147.3667,usgs,F,16,A,C0,IF,191,204.76,117,204.12,8.6381,,
1,1988-10-20,14:47,70.4333,-146.9833,usgs,F,19,A,C0,E0,NA,NA,NA,NA,3.5812,,
2,1984-03-28,14:07,71.5333,-155.5333,usgs,F,13,A,C1,E0,188,201.76,118,215.46,5.0706,,
3,1984-04-09,13:19,70.6167,-147.0667,usgs,F,11,A,NA,UF,189,202.76,127,240.40,5.2555,,
4,1984-05-06,12:16,70.7167,-148.1333,usgs,M,16,A,NA,AM,222,237.65,169,444.97,7.2981,,
5,1984-05-06,9:46,70.6167,-147.4167,usgs,F,11,A,NA,UF,173,186.76,115,181.44,5.4654,,
6,1985-05-01,17:00,70.2000,-144.5000,usgs,F,15,A,C0,IF,179,192.76,114,188.24,4.7250,,
7,1984-05-05,17:45,70.3167,-141.5833,usgs,F,10,A,C1,E0,NA,NA,NA,NA,4.3604,,
8,1984-03-28,16:23,71.5667,-155.4167,usgs,F,10,A,C0,IF,179,192.76,120,181.44,6.0689,,
9,1983-10-25,10:32,70.8000,-147.3000,usgs,F,9,A,C0,E0,NA,NA,NA,NA,3.0380,,
9,1989-04-01,18:09,70.6833,-147.7667,usgs,F,15,A,C0,IF,NA,NA,NA,NA,2.6035,,
10,1983-04-30,13:26,69.8667,-141.0333,usgs,M,14,A,NA,AM,231,246.65,173,462.66,6.0059,,
11,1988-11-06,14:38,70.2000,-143.2667,usgs,F,18,A,C0,E0,NA,NA,NA,NA,4.2554,,
12,1985-04-06,18:30,70.2167,-143.1000,usgs,M,8,A,NA,AM,219,234.65,165,430.91,4.3003,,
13,1984-05-05,11:20,71.3000,-143.6833,usgs,F,12,A,C0,IF,189,202.76,116,154.22,6.1468,,
13,1985-05-15,16:27,71.0667,-147.7000,usgs,F,13,A,C1,E0,186,199.76,111,195.04,5.4728,,
14,1983-05-02,17:04,70.1333,-141.7500,usgs,F,3,S,NA,SF,170,182.41,112,170.10,4.6128,,
15,1983-05-05,11:26,70.2500,-142.1000,usgs,F,2,D,NA,DY,NA,NA,NA,NA,5.1202,,
16,1983-10-04,10:39,70.3667,-143.0167,usgs,F,10,A,C0,E0,NA,NA,NA,NA,3.3003,,
17,1983-10-05,10:46,70.5500,-143.8000,usgs,F,4,S,NA,SF,NA,NA,NA,NA,3.0274,,
18,1983-10-20,10:08,70.8167,-148.2500,usgs,M,5,A,NA,AM,NA,NA,NA,NA,3.3219,,
19,1983-10-21,11:19,71.1167,-146.3333,usgs,M,8,A,NA,AM,NA,NA,NA,NA,4.9017,,
20,1983-10-21,15:26,70.5167,-147.1500,usgs,M,3,S,NA,SM,NA,NA,NA,NA,3.3151,,
21,1983-10-22,10:03,70.7833,-146.5333,usgs,M,3,S,NA,SM,NA,NA,NA,NA,3.3599,,
22,1983-10-22,13:50,70.8167,-147.2500,usgs,F,4,S,NA,SF,NA,NA,NA,NA,3.5896,,
23,1983-10-23,9:41,70.6333,-147.4333,usgs,F,3,S,NA,SF,NA,NA,NA,NA,3.1515,,
24,1983-10-23,12:07,71.3333,-146.8500,usgs,F,2,S,NA,SF,NA,NA,NA,NA,4.2246,,
25,1983-10-23,15:15,70.6500,-146.3333,usgs,M,10,A,NA,AM,NA,NA,NA,NA,3.6703,,
26,1983-10-24,10:20,70.3333,-146.9000,usgs,M,3,S,NA,SM,NA,NA,NA,NA,3.7331,,
27,1983-04-13,13:25,70.6167,-146.9500,usgs,F,8,A,NA,UF,183,196.76,127,181.44,6.1440,,
28,1983-04-14,16:40,70.9333,-146.2167,usgs,F,2,D,NA,DY,NA,NA,NA,NA,4.4128,,
29,1983-04-16,15:40,70.7167,-146.5167,usgs,F,6,A,NA,UF,178,191.76,126,156.49,5.8103,,
30,1983-04-16,15:40,70.7167,-146.5167,usgs,M,9,A,NA,AM,185,200.65,142,303.91,5.6069,,
31,1983-04-17,15:09,70.4667,-147.1333,usgs,F,6,A,C0,IF,173,186.76,114,169.19,5.9513,,
32,1983-04-19,13:30,70.5000,-146.5000,usgs,F,7,A,C1,E0,191,204.76,132,222.26,4.2400,,
33,1983-04-23,15:16,70.6333,-145.2833,usgs,F,4,S,NA,SF,177,189.41,112,187.79,4.5431,,
34,1983-04-23,15:16,70.6333,-145.2833,usgs,F,4,S,NA,SF,182,194.41,123,176.90,7.2231,,
35,1983-04-29,10:27,69.9333,-140.8333,usgs,M,4,S,NA,SM,199,212.74,133,326.59,6.9315,,
36,1983-04-29,12:18,69.9333,-140.8500,usgs,M,11,A,NA,AM,212,227.65,144,353.80,4.9452,,
37,1983-04-30,18:04,70.0833,-141.1000,usgs,F,17,A,NA,UF,180,193.76,132,222.26,4.8727,,
38,1983-10-26,11:31,71.0500,-148.0333,usgs,F,13,A,C1,E1,NA,NA,NA,NA,2.8835,,
39,1983-10-19,11:31,70.8167,-145.1333,usgs,F,4,S,NA,SF,NA,NA,NA,NA,3.3612,,
39,1989-04-10,11:01,70.6000,-148.4333,usgs,F,10,A,C0,IF,NA,NA,NA,NA,3.4760,,
40,1985-04-03,8:00,70.3000,-143.8667,usgs,F,20,A,C2,E1,197,210.76,115,181.44,5.5809,,
41,1988-04-17,16:00,70.0833,-137.2167,usgs,F,14,A,NA,UF,187,200.76,125,206.84,2.9500,,
42,1983-04-29,12:18,69.9333,-140.8500,usgs,F,12,A,NA,UF,183,196.76,108,145.15,6.0874,,
42,1984-05-05,9:31,71.2667,-146.1000,usgs,F,13,A,NA,UF,186,199.76,128,181.44,5.4413,,
43,1984-04-02,14:26,71.1333,-147.6333,usgs,F,3,S,NA,SF,169,181.41,116,167.83,3.9876,,
44,1984-10-30,9:50,70.7667,-147.2500,usgs,F,11,A,C0,E0,NA,NA,NA,NA,6.0357,,
44,1988-04-16,14:00,71.2000,-152.9667,usgs,F,15,A,NA,UF,186,199.76,171,298.46,2.2475,,
45,1983-11-05,10:44,70.0238,-142.6758,usgs,F,6,A,NA,IF,NA,NA,NA,NA,3.1054,,
45,1984-04-08,10:26,70.1833,-142.4833,usgs,F,7,A,C0,IF,179,192.76,116,176.90,4.9489,,
45,1985-05-06,12:00,70.5667,-145.5500,usgs,F,8,A,C1,E0,183,196.76,104,157.40,6.7357,,
46,1984-04-08,14:50,70.3833,-140.3667,usgs,F,10,A,C2,E1,178,191.76,116,179.17,5.4289,,
47,1985-03-28,13:37,70.4167,-141.0333,usgs,M,3,S,NA,SM,186,199.74,112,183.70,4.1410,,
48,1984-10-28,14:30,70.9833,-149.0667,usgs,F,6,A,NA,IF,NA,NA,NA,NA,5.4456,,
49,1983-04-24,14:10,70.3667,-144.7167,usgs,F,8,A,NA,UF,175,188.76,110,176.90,3.6867,,
50,1988-11-09,15:00,70.1333,-142.2333,usgs,F,8,A,C1,E1,NA,NA,NA,NA,3.0541,,
51,1984-05-07,14:40,70.4667,-146.3667,usgs,M,6,A,NA,AM,205,220.65,135,278.51,4.4287,,
52,1984-05-04,10:20,72.1500,-149.1167,usgs,F,6,A,C0,IF,179,192.76,118,167.83,5.0553,,
53,1983-04-22,13:42,70.8833,-149.1000,usgs,M,5,A,NA,SM,218,231.74,155,353.80,3.7926,,
54,1988-11-07,12:48,70.5500,-147.1833,usgs,F,13,A,C0,E0,NA,NA,NA,NA,3.7268,,
55,1985-04-27,12:50,70.2333,-142.0833,usgs,F,4,S,NA,SF,174,186.41,107,127.01,3.6041,,
56,1988-04-16,18:00,71.1500,-152.2667,usgs,F,14,A,NA,UF,186,199.76,123,201.39,2.9907,,
57,1983-04-28,14:52,70.2333,-143.4000,usgs,F,2,D,NA,DY,NA,NA,NA,NA,4.8446,,
58,2004-04-03,0:00,71.4700,-155.6984,usgs,F,21,A,C0,IF,NA,NA,NA,NA,4.2577,,
59,1983-10-25,15:25,70.5667,-147.5333,usgs,M,5,A,NA,AM,NA,NA,NA,NA,3.7075,,
60,1983-10-27,10:38,70.7500,-149.3167,usgs,M,4,S,NA,SM,NA,NA,NA,NA,6.3373,,
60,1984-03-24,16:45,71.6333,-157.7500,usgs,M,5,A,NA,SM,191,204.74,129,249.48,4.5352,,
61,1983-10-28,12:05,70.8667,-149.7667,usgs,F,13,A,C1,E1,NA,NA,NA,NA,2.6712,,
62,1983-10-28,15:15,70.6167,-148.7833,usgs,M,2,S,NA,SM,NA,NA,NA,NA,4.1834,,
63,1983-10-30,10:49,71.1500,-149.6667,usgs,F,12,A,C0,E0,NA,NA,NA,NA,3.7381,,
64,1983-10-30,14:13,71.1167,-149.5667,usgs,F,4,S,NA,SF,NA,NA,NA,NA,3.4654,,
65,1983-10-31,11:21,71.0167,-146.8667,usgs,F,2,S,NA,SF,NA,NA,NA,NA,5.1344,,
66,1983-10-31,13:01,71.0833,-146.7667,usgs,F,2,S,NA,SF,NA,NA,NA,NA,3.4223,,
67,1983-11-01,13:06,70.9333,-146.7333,usgs,M,7,A,NA,AM,NA,NA,NA,NA,4.9221,,
68,1983-11-06,10:11,70.2333,-143.7500,usgs,F,3,S,NA,SF,NA,NA,NA,NA,2.6462,,
69,1983-11-06,12:19,70.4333,-144.7500,usgs,F,3,S,NA,SF,NA,NA,NA,NA,4.8084,,
70,1983-11-07,12:17,70.2000,-143.2667,usgs,F,2,S,NA,SF,NA,NA,NA,NA,3.5556,,
71,1983-11-07,13:21,70.2333,-143.1833,usgs,F,15,A,C1,E1,NA,NA,NA,NA,4.1955,,
72,1983-11-08,11:47,70.7167,-147.4167,usgs,M,3,S,NA,SM,NA,NA,NA,NA,5.2021,,
73,1984-03-22,14:15,71.6667,-156.3333,usgs,M,14,A,NA,AM,209,224.65,144,294.83,5.7521,,
74,1984-03-23,9:41,71.4667,-157.1667,usgs,F,7,A,C1,E0,177,190.76,115,195.04,5.2947,,
75,1984-03-23,18:12,71.7000,-158.3667,usgs,F,9,A,NA,UF,167,180.76,119,181.44,6.2604,,
76,1984-03-24,14:42,71.4833,-157.0333,usgs,M,10,A,NA,AM,220,235.65,156,394.63,3.3812,,
77,1984-03-24,16:42,71.6333,-157.7500,usgs,F,4,S,NA,SF,169,181.41,118,167.83,3.3680,,
78,1983-11-10,0:00,70.1667,-144.7667,usgs,F,2,S,NA,SF,NA,NA,NA,NA,2.9129,,
79,1984-03-27,10:04,71.6333,-154.6000,usgs,F,9,A,NA,UF,182,195.76,130,195.04,5.2347,,
80,1984-03-27,11:34,71.6333,-154.7667,usgs,F,19,A,C1,E0,186,199.76,118,190.51,5.2765,,
81,1984-03-27,17:24,71.8667,-155.0833,usgs,M,4,S,NA,SM,209,222.74,149,326.59,4.8922,,
82,1984-04-01,10:11,71.0000,-146.6667,usgs,F,9,A,C2,E1,181,194.76,116,195.04,2.9920,,
83,1988-10-22,15:51,70.4667,-147.6333,usgs,F,6,A,NA,IF,NA,NA,NA,NA,3.4208,,
83,2004-04-04,0:00,71.5053,-153.7786,usgs,F,22,A,C1,E0,NA,NA,NA,NA,7.5687,,
84,1984-04-04,15:12,71.2333,-149.0667,usgs,F,10,A,C2,E1,194,207.76,123,208.65,2.8437,,
85,1984-04-06,17:29,70.9167,-147.4500,usgs,F,12,A,C2,E1,191,204.76,112,190.51,3.3273,,
86,1988-10-27,12:29,70.5667,-145.8667,usgs,M,4,S,NA,SM,NA,NA,NA,NA,2.1653,,
87,1984-04-09,11:31,70.9333,-146.3833,usgs,M,3,S,NA,SM,179,192.74,119,185.97,4.8890,,
88,1984-04-09,13:19,70.6167,-147.0667,usgs,M,15,A,NA,AM,213,228.65,150,353.80,3.5731,,
89,1984-05-06,12:16,70.7167,-148.1333,usgs,F,5,A,NA,SF,NA,NA,NA,NA,6.1859,,
90,1984-05-06,15:31,70.9333,-148.6333,usgs,M,4,S,NA,SM,201,214.74,140,290.30,5.5419,,
90,1987-04-24,11:55,71.0500,-157.5500,usgs,M,7,A,NA,AM,212,227.65,136,309.80,1.5865,,
91,1984-05-06,16:36,70.9167,-148.6000,usgs,M,2,D,NA,DY,NA,NA,NA,NA,4.2333,,
92,1984-05-06,18:08,70.7167,-147.0833,usgs,F,17,A,C2,E1,NA,NA,NA,NA,6.4882,,
92,1988-10-28,12:19,70.6333,-148.7167,usgs,F,21,A,C0,E0,NA,NA,NA,NA,3.4598,,
93,1988-03-25,12:00,70.7167,-148.3000,usgs,F,10,A,C1,E0,181,194.76,116,181.89,4.3423,,
94,1984-05-08,11:24,70.4667,-145.0167,usgs,F,4,S,NA,SF,177,189.41,117,185.97,3.5726,,
94,1985-05-13,11:27,70.8167,-145.7667,usgs,F,5,A,NA,SF,175,187.41,119,200.03,6.5832,,
95,1984-05-08,15:07,70.5500,-144.0000,usgs,F,4,S,NA,SF,174,186.41,113,149.69,8.0558,,
95,1984-10-30,14:40,70.0333,-144.0333,usgs,F,4,S,NA,SF,NA,NA,NA,NA,4.2010,,
96,1984-10-28,9:30,71.1000,-150.6667,usgs,F,4,S,NA,SF,NA,NA,NA,NA,4.9479,,
97,1985-03-21,16:00,70.7500,-146.7000,usgs,M,4,S,NA,SM,187,200.74,129,235.87,5.1097,,
98,1987-04-22,17:29,70.6333,-149.6167,usgs,F,13,A,C1,E0,180,193.76,114,176.90,5.4342,,
98,1988-04-18,11:00,70.2000,-143.7167,usgs,F,14,A,NA,UF,184,197.76,110,173.73,2.6351,,
98,1989-04-08,20:30,69.9667,-138.2667,usgs,F,15,A,C0,IF,NA,NA,NA,NA,3.9931,,
99,1985-03-27,16:39,70.4000,-140.3333,usgs,F,5,A,NA,SF,182,194.41,119,185.97,4.7794,,
100,1985-03-28,11:47,70.3667,-140.2833,usgs,F,3,S,NA,SF,163,175.41,102,138.35,4.5107,,
101,1985-03-30,11:33,70.7000,-145.7833,usgs,M,6,A,NA,AM,173,188.65,121,199.58,3.4364,,
102,1985-03-30,13:08,70.7500,-145.9500,usgs,F,5,A,NA,SF,183,195.41,110,179.17,6.0313,,
103,1985-04-02,13:30,71.3167,-147.1667,usgs,F,12,A,NA,UF,178,191.76,117,180.98,5.7658,,
104,1985-04-03,16:00,70.3167,-143.2500,usgs,F,6,A,NA,UF,177,190.76,112,173.73,6.1719,,
105,1985-04-04,12:27,70.2000,-143.1500,usgs,F,4,S,NA,SF,165,177.41,108,145.15,4.9146,,
106,1985-04-06,14:53,70.1000,-141.8167,usgs,F,3,S,NA,SF,172,184.41,109,167.38,4.0463,,
107,1985-04-08,16:00,71.2333,-147.2333,usgs,F,4,S,NA,SF,176,188.41,110,153.77,4.5328,,
107,1987-04-23,16:30,70.7500,-164.6167,usgs,F,6,A,NA,UF,181,194.76,106,161.03,4.1396,,
108,1985-04-09,11:00,71.0667,-147.8667,usgs,F,2,D,NA,DY,NA,NA,NA,NA,5.9266,,
109,1985-04-23,9:00,70.3000,-143.3333,usgs,F,4,S,NA,SF,181,193.41,103,142.88,5.0971,,
110,1985-04-23,11:00,70.2667,-142.7500,usgs,M,3,S,NA,SM,183,196.74,120,179.17,4.1568,,
111,1985-04-23,15:40,70.2667,-144.0833,usgs,F,7,A,NA,UF,183,196.76,117,201.85,5.1579,,
112,1985-04-28,10:27,70.3833,-147.6333,usgs,F,14,A,C0,IF,182,195.76,104.5,151.95,4.9142,,
113,1985-04-30,13:00,70.6667,-147.1833,usgs,M,5,A,NA,SM,190,203.74,114,190.51,5.9827,,
114,1985-05-02,10:30,70.3333,-147.2833,usgs,F,10,A,C0,IF,172,185.76,110,140.61,5.8537,,
115,1985-05-05,12:27,71.0167,-148.9500,usgs,F,3,S,NA,SF,173,185.41,112,150.14,6.3520,,
116,1985-05-11,17:58,70.5333,-146.8000,usgs,F,11,A,C0,IF,NA,NA,NA,NA,6.1021,,
117,1988-04-20,14:00,70.9500,-148.2833,usgs,M,4,S,NA,SM,188,201.74,123,218.18,2.8615,,
118,1985-10-27,12:50,70.7333,-146.1833,usgs,M,11,A,NA,AM,NA,NA,NA,NA,4.6331,,
119,1985-10-30,11:46,70.6000,-146.8000,usgs,F,4,S,NA,SF,NA,NA,NA,NA,3.5010,,
120,1985-11-01,14:48,70.9833,-148.2000,usgs,F,4,S,NA,SF,NA,NA,NA,NA,6.3060,,
121,1985-11-02,12:10,70.8167,-146.7000,usgs,M,9,A,NA,AM,NA,NA,NA,NA,3.7237,,
122,1985-11-05,14:20,70.3500,-143.7333,usgs,M,15,A,NA,AM,NA,NA,NA,NA,4.5714,,
123,1985-11-06,10:17,70.6333,-144.0833,usgs,F,10,A,C1,E1,NA,NA,NA,NA,4.9530,,
124,1985-11-15,10:20,70.5667,-143.3333,usgs,F,12,A,C1,E1,NA,NA,NA,NA,7.2634,,
124,1988-10-30,14:40,70.9833,-151.7167,usgs,F,15,A,C0,E0,NA,NA,NA,NA,3.6337,,
125,1988-10-24,11:24,70.4833,-147.2333,usgs,F,17,A,C0,E0,NA,NA,NA,NA,2.9683,,
126,1985-03-14,13:20,70.6000,-141.6667,usgs,M,3,S,NA,SM,181,194.74,135,254.01,6.0086,,
127,2008-04-12,18:49,71.1210,-152.2014,usgs,F,22,A,NA,UF,201,201.00,128.5,255.83,3.7689,,
128,1988-04-13,20:19,70.0500,-144.0833,usgs,F,7,A,C0,IF,179,192.76,100,144.24,3.0309,,
128,2004-04-14,0:00,70.7514,-147.3449,usgs,F,23,A,C0,IF,NA,NA,NA,NA,25.0745,,
129,1987-04-23,16:30,70.7500,-164.6167,usgs,M,12,A,NA,AM,214,229.65,149,382.83,4.1773,,
130,1987-04-24,11:55,71.0500,-157.5500,usgs,F,5,A,NA,SF,188,200.41,118,195.95,0.8174,,
131,1988-03-23,13:14,71.1667,-147.8333,usgs,F,7,A,C1,E0,183,196.76,108,166.01,5.8825,,
132,1987-03-17,17:11,63.6500,-168.8500,usgs,F,30,A,NA,UF,213,226.76,124,201.85,4.1784,,
133,1987-03-25,10:18,66.2000,-167.8833,usgs,F,10,A,NA,UF,191,204.76,127,213.19,3.2701,,
134,1987-03-29,18:40,66.8167,-166.5667,usgs,F,4,S,NA,SF,181,193.41,107,161.03,5.9478,,
135,1987-03-30,13:01,66.8333,-167.3667,usgs,F,15,A,C2,E1,195,208.76,121,204.12,3.2288,,
136,1988-05-01,14:26,73.1667,-157.9167,usgs,F,3,S,NA,SF,169,181.41,102,139.25,3.8364,,
136,1988-11-04,10:55,70.9333,-149.5667,usgs,F,3,S,NA,SF,NA,NA,NA,NA,2.7640,,
137,1988-04-18,14:00,70.4000,-143.2500,usgs,M,8,A,NA,AM,226,241.65,144,356.52,2.4765,,
138,1988-04-18,17:43,70.3667,-143.2500,usgs,F,5,A,NA,SF,168,180.41,95,127.91,3.5614,,
139,1988-04-20,16:00,70.8333,-147.6333,usgs,F,9,A,NA,UF,170,183.76,115,161.93,3.3625,,
140,1988-04-25,15:56,71.2000,-147.6667,usgs,M,4,S,NA,SM,169,182.74,108,152.41,4.8038,,
141,1988-05-04,17:15,70.7333,-146.3167,usgs,M,4,S,NA,SM,174,187.74,102,145.60,5.4852,,
142,1988-05-04,20:38,70.7000,-148.2000,usgs,F,7,A,C0,IF,182,195.76,107,161.48,4.2349,,
143,1988-05-06,15:22,71.2167,-149.8333,usgs,M,12,A,NA,AM,220,235.65,135,313.89,3.6101,,
144,1988-10-18,10:36,70.6667,-146.5500,usgs,F,7,A,C0,E0,NA,NA,NA,NA,2.6230,,
145,1988-10-18,16:25,70.8333,-149.4000,usgs,F,8,A,C1,E1,NA,NA,NA,NA,2.6626,,
146,1988-10-19,10:07,70.2000,-146.5000,usgs,F,6,A,NA,IF,NA,NA,NA,NA,3.1566,,
147,1988-10-22,13:51,70.5333,-147.8000,usgs,F,9,A,C0,E0,NA,NA,NA,NA,4.7264,,
148,1988-10-24,16:22,70.4000,-147.2333,usgs,F,5,A,C0,E0,NA,NA,NA,NA,3.8718,,
149,1988-10-25,10:32,70.4000,-147.5667,usgs,F,5,A,NA,IF,NA,NA,NA,NA,2.7785,,
150,1988-10-25,12:22,70.4500,-147.4667,usgs,F,3,S,NA,SF,NA,NA,NA,NA,3.8091,,
151,1988-10-26,12:24,71.0333,-152.5500,usgs,F,8,A,C0,E0,NA,NA,NA,NA,4.1456,,
152,1988-10-26,15:39,71.0833,-152.5500,usgs,F,9,A,NA,IF,NA,NA,NA,NA,2.8354,,
153,1988-10-26,16:54,71.1333,-152.4667,usgs,F,17,A,C1,E1,NA,NA,NA,NA,2.9967,,
154,1988-10-28,16:19,70.7333,-148.5167,usgs,F,4,S,NA,SF,NA,NA,NA,NA,5.1883,,
155,1988-10-29,11:29,70.6167,-147.9333,usgs,F,7,A,C0,E0,NA,NA,NA,NA,3.5955,,
156,1988-10-30,10:11,70.8667,-151.1167,usgs,F,4,S,NA,SF,NA,NA,NA,NA,5.1958,,
157,1988-11-01,11:12,70.2667,-144.3667,usgs,M,4,S,NA,SM,NA,NA,NA,NA,3.0536,,
158,1988-11-01,12:08,70.2500,-144.0833,usgs,F,9,A,C0,E0,NA,NA,NA,NA,2.5675,,
159,1988-11-03,14:00,70.6167,-146.6833,usgs,F,4,S,NA,SF,NA,NA,NA,NA,2.7914,,
160,2004-05-01,0:00,70.1425,-141.1200,usgs,M,17,A,NA,AM,NA,NA,NA,NA,15.3252,,
161,1988-11-12,11:50,71.0500,-151.6000,usgs,F,4,S,NA,SF,NA,NA,NA,NA,2.4755,,
162,1989-03-29,13:00,71.3333,-151.3333,usgs,F,15,A,C1,E0,NA,NA,NA,NA,2.8571,,
163,2004-04-06,0:00,71.4430,-155.7299,usgs,F,15,A,C2,E1,NA,NA,NA,NA,1.4150,,
164,1987-03-31,12:30,66.4500,-166.4500,usgs,F,5,A,NA,SF,165,177.41,107,170.10,6.8619,,
165,1987-04-03,14:38,67.0500,-167.2833,usgs,M,14,A,NA,AM,228,243.65,153,390.09,4.2034,,
166,1987-04-17,13:55,69.4667,-166.3500,usgs,F,7,A,NA,UF,197,210.76,115,184.61,5.2889,,
167,1987-04-18,14:00,69.2500,-166.4333,usgs,F,8,A,C1,E0,196,209.76,107,149.23,5.6821,,
167,1988-03-30,11:20,69.0333,-164.6667,usgs,F,9,A,C2,E1,178,191.76,107,136.08,4.6199,,
168,1987-04-18,19:00,69.0333,-166.0000,usgs,M,4,S,NA,SM,173,186.74,111,150.59,7.0914,,
169,1987-04-19,13:05,69.3500,-165.1500,usgs,M,4,S,NA,SM,199,212.74,135,218.63,5.2641,,
170,1987-04-19,15:20,69.0333,-165.5167,usgs,M,4,S,NA,SM,181,194.74,125,186.88,4.4660,,
171,1987-04-20,17:03,69.3000,-165.8000,usgs,F,4,S,NA,SF,179,191.41,119,161.48,4.5367,,
172,1987-04-22,12:20,69.3167,-166.0667,usgs,F,14,A,C1,E0,190,203.76,119,191.42,5.2484,,
173,1988-04-07,13:44,63.8667,-170.5500,usgs,F,9,A,C1,E0,185,198.76,120,231.33,6.2387,,
174,1988-04-07,17:08,63.9167,-170.3500,usgs,M,5,A,NA,SM,NA,NA,NA,NA,13.0897,,
175,1988-03-11,10:28,63.7833,-170.7667,usgs,F,2,D,NA,DY,NA,NA,NA,NA,3.7317,,
176,1989-03-28,14:25,71.8000,-157.1000,usgs,F,3,S,NA,SF,177,189.41,110,174.63,3.3089,,
177,1988-03-11,15:28,63.8500,-172.1667,usgs,F,12,A,C2,E1,186,199.76,121,254.01,4.0013,,
178,1988-03-12,11:08,63.7667,-170.2833,usgs,F,18,A,C2,E1,193,206.76,127,281.23,4.1255,,
179,1988-03-14,12:30,63.2000,-168.5333,usgs,F,7,A,C2,E1,183,196.76,122,217.72,2.3154,,
180,1988-03-14,17:16,63.3167,-168.7000,usgs,F,3,S,NA,SF,159,171.41,94,145.15,3.6724,,
181,1988-03-14,18:48,63.6833,-168.5167,usgs,F,7,A,NA,UF,189,202.76,121,240.40,2.3581,,
182,1988-03-15,12:48,63.6667,-172.0333,usgs,M,2,D,NA,DY,NA,NA,NA,NA,3.8244,,
183,1988-03-15,17:46,63.8667,-170.5000,usgs,F,7,A,NA,UF,194,207.76,115,217.72,4.2153,,
184,1988-03-18,12:04,66.7500,-163.8667,usgs,F,8,A,C1,E0,191,204.76,107,231.33,3.8933,,
185,1988-03-18,18:00,66.5667,-166.2500,usgs,F,11,A,C1,E0,190,203.76,115,201.85,4.5393,,
186,1988-03-19,0:00,66.5833,-165.5167,usgs,F,6,A,NA,UF,192,205.76,107,169.19,7.4941,,
187,1988-03-19,12:50,66.7167,-165.7167,usgs,F,5,A,NA,SF,172,184.41,116,195.04,5.3618,,
188,1988-03-19,18:20,66.8667,-165.7833,usgs,F,14,A,C2,E1,189,202.76,127,229.06,4.5251,,
189,1989-04-05,14:29,70.9000,-163.0333,usgs,F,10,A,NA,UF,NA,NA,NA,NA,3.1997,,
190,1988-03-28,12:15,69.2500,-169.0000,usgs,F,8,A,NA,UF,187,200.76,119,181.44,3.1814,,
190,1989-04-07,13:12,70.8667,-154.0000,usgs,F,9,A,C0,IF,190,203.76,116,172.36,2.3007,,
191,1988-03-28,14:25,69.3000,-168.2333,usgs,F,7,A,C1,E0,186,199.76,122,181.44,4.4403,,
192,1988-03-31,13:50,68.7333,-168.2000,usgs,F,6,A,NA,UF,183,196.76,116,195.04,4.2285,,
193,1988-10-17,15:35,70.4667,-143.2000,usgs,F,5,A,NA,IF,NA,NA,NA,NA,4.5933,,
193,1989-04-03,15:43,70.7000,-161.4000,usgs,F,6,A,NA,UF,180,193.76,106,172.36,3.2149,,
194,1988-04-01,13:18,69.7500,-167.0500,usgs,F,13,A,C2,E1,184,197.76,113,167.83,5.1576,,
195,1988-04-02,10:52,69.1500,-166.1000,usgs,F,5,A,NA,SF,186,198.41,125,167.83,4.2644,,
196,1988-04-02,12:50,69.7833,-166.7833,usgs,F,4,S,NA,SF,160,172.41,94,120.20,3.7805,,
197,1988-04-05,16:30,66.8500,-166.3333,usgs,F,11,A,C1,E0,178,191.76,116,163.29,2.4833,,
198,2004-04-03,0:00,71.5447,-156.2068,usgs,F,26,A,C2,E1,NA,NA,NA,NA,20.9367,,
199,1984-05-05,12:00,70.2000,-140.8167,usgs,F,12,A,C0,IF,183,196.76,115,167.83,6.4686,,
200,1985-04-24,16:04,70.4167,-142.5000,usgs,F,16,A,C0,IF,183,196.76,110.5,158.76,5.7295,,
201,1988-05-06,20:58,71.1167,-149.9333,usgs,M,8,A,NA,AM,215,230.65,142,327.95,2.6640,,
202,2008-05-10,20:07,70.2708,-143.4811,usgs,F,28,A,NA,UF,193,193.00,108.5,190.51,0.3169,,
203,1988-04-18,20:00,70.7333,-144.5333,usgs,F,8,A,C0,IF,178,191.76,95,132.45,1.9976,,
204,2014-04-12,15:51,71.1492,-149.7437,usgs,M,13,A,NA,AM,240,240.00,172,468.11,4.2493,,
205,2004-03-31,10:30,71.4060,-156.6831,usgs,M,4,S,NA,SM,NA,NA,NA,NA,10.9905,,
206,2006-04-12,0:00,70.6938,-147.4935,usgs,F,5,A,NA,SF,187,187.00,116,172.36,23.3982,,
207,2004-04-02,0:00,71.5142,-155.0895,usgs,M,6,A,NA,AM,NA,NA,NA,NA,7.9094,,
208,2004-05-01,0:00,70.2807,-141.8666,usgs,F,4,S,NA,SF,NA,NA,NA,NA,24.0184,,
209,2004-04-27,0:00,70.4639,-142.7619,usgs,M,4,S,NA,SM,NA,NA,NA,NA,9.3632,,
210,2008-04-19,11:56,70.5345,-147.7183,usgs,F,11,A,NA,UF,233,233.00,145.5,339.74,5.6752,,
211,2006-04-04,0:00,71.5526,-155.9301,usgs,M,12,A,NA,AM,NA,NA,NA,NA,0.3773,,
212,2004-05-02,0:00,70.6435,-142.6495,usgs,M,18,A,NA,AM,NA,NA,NA,NA,18.7911,,
213,2004-04-26,0:00,70.2317,-143.1642,usgs,M,3,S,NA,SM,NA,NA,NA,NA,1.4306,,
214,2008-04-18,17:00,70.6796,-148.8860,usgs,F,15,A,NA,UF,NA,NA,NA,NA,3.4469,,
215,2004-03-26,11:10,71.3854,-156.0057,usgs,M,14,A,NA,AM,254,254.00,167.2,408.23,3.1542,,
215,2006-04-05,0:00,71.6197,-155.5112,usgs,M,16,A,NA,AM,NA,NA,NA,NA,1.3917,,
216,2013-04-04,11:15,70.4884,-147.9716,usgs,F,11,A,C2,E1,NA,NA,NA,NA,3.5536,,
217,2008-04-19,14:56,70.6482,-150.7891,usgs,F,13,A,C0,IF,202,202.00,124.5,196.86,7.7362,,
218,2013-04-18,11:51,70.9256,-150.1192,usgs,M,16,A,NA,AM,236,236.00,173.3,476.27,5.6587,,
219,2004-04-05,0:00,71.3010,-154.1332,usgs,F,7,A,C1,E0,NA,NA,NA,NA,0.3827,,
220,2004-03-26,12:45,71.4519,-155.8404,usgs,F,6,A,NA,UF,196,196.00,116,181.44,23.9753,,
220,2008-04-02,13:04,71.4611,-156.4202,usgs,F,10,A,NA,UF,193,193.00,116,189.60,4.3072,,
221,2006-03-29,0:00,71.2513,-157.6019,usgs,M,12,A,NA,AM,NA,NA,NA,NA,13.7163,,
222,2004-04-23,0:00,70.5728,-147.7619,usgs,F,12,A,C2,E1,NA,NA,NA,NA,0.3912,,
223,2004-04-26,0:00,70.2578,-143.2004,usgs,F,7,A,NA,UF,NA,NA,NA,NA,0.4340,,
224,2004-04-14,0:00,70.8005,-146.9373,usgs,F,10,A,C1,E0,NA,NA,NA,NA,17.4319,,
225,2004-04-02,0:00,71.4614,-156.3657,usgs,M,12,A,NA,AM,NA,NA,NA,NA,0.4052,,
226,2006-04-03,0:00,71.5750,-156.9228,usgs,F,11,A,C2,E1,NA,NA,NA,NA,20.9409,,
227,2013-04-22,14:04,70.2168,-141.0546,usgs,M,23,A,NA,AM,231,231.00,157.5,398.25,7.6019,,
228,2008-04-30,13:40,70.2022,-144.0123,usgs,F,24,A,NA,UF,NA,NA,NA,NA,5.0915,,
229,2004-05-02,0:00,70.7860,-142.4894,usgs,M,19,A,NA,AM,NA,NA,NA,NA,12.9611,,
230,2009-04-16,17:26,70.7277,-145.3252,usgs,F,24,A,C0,IF,202,202.00,109.6,158.30,4.8015,,
230,2010-04-09,13:25,70.5958,-148.9281,usgs,F,25,A,C1,E0,197,197.00,120.5,204.57,3.5628,,
231,2004-03-31,16:27,71.6869,-156.2154,usgs,F,16,A,C2,E1,NA,NA,NA,NA,6.5815,,
232,2004-03-30,11:05,71.6752,-155.3899,usgs,M,16,A,NA,AM,NA,NA,NA,NA,14.9749,,
233,2008-04-28,13:10,70.3771,-146.8450,usgs,F,11,A,C0,IF,207,207.00,117,205.02,5.2528,,
234,2004-04-13,0:00,70.5761,-146.9043,usgs,F,10,A,C0,IF,NA,NA,NA,NA,0.6378,,
235,2004-04-25,0:00,70.2299,-142.9288,usgs,F,14,A,C2,E1,NA,NA,NA,NA,2.3155,,
236,2010-04-11,13:31,70.4088,-144.0434,usgs,F,14,A,C0,IF,194,194.00,111,187.33,3.9840,,
236,2014-04-11,19:30,70.8427,-146.6761,usgs,F,18,A,C1,E0,204.5,204.50,135.3,195.50,5.7088,,
237,2004-04-25,0:00,70.2857,-144.4104,usgs,M,11,A,NA,AM,NA,NA,NA,NA,7.0447,,
237,2014-04-12,14:06,71.1923,-150.3279,usgs,M,21,A,NA,AM,242,242.00,161.5,416.40,2.9477,,
238,2004-05-02,0:00,71.0021,-143.4890,usgs,F,17,A,C0,IF,NA,NA,NA,NA,16.9270,,
239,2004-04-14,0:00,70.7430,-147.1368,usgs,M,16,A,NA,AM,NA,NA,NA,NA,12.1125,,
240,2008-04-09,13:42,71.3575,-155.5699,usgs,F,17,A,C0,IF,200,200.00,118,180.08,3.2084,,
241,2004-04-18,0:00,70.6045,-146.7880,usgs,M,12,A,NA,AM,NA,NA,NA,NA,6.5279,,
242,2004-04-22,0:00,70.6805,-146.3851,usgs,F,12,A,NA,UF,NA,NA,NA,NA,0.4384,,
243,2008-04-24,0:00,70.3308,-146.3063,usgs,F,9,A,NA,UF,193,193.00,125.7,233.60,5.7490,,
244,2004-04-27,0:00,70.5487,-142.5592,usgs,M,10,A,NA,AM,NA,NA,NA,NA,23.7176,,
245,2004-04-16,0:00,71.0028,-147.8400,usgs,F,14,A,C2,E1,NA,NA,NA,NA,8.6054,,
246,2013-04-13,15:15,70.9405,-147.1339,usgs,F,13,A,NA,UF,NA,NA,NA,NA,3.6026,,
247,2009-05-09,11:15,70.3083,-146.2471,usgs,F,9,A,C0,IF,198,198.00,115,178.72,5.3641,,
247,2013-04-12,16:45,70.7970,-149.4308,usgs,F,13,A,C2,E1,196.4,196.40,128,194.14,3.1499,,
248,2013-04-17,10:49,71.0041,-146.4480,usgs,F,13,A,C0,IF,201.5,201.50,141,231.33,5.9798,,
248,2014-04-07,15:21,71.0721,-146.7139,usgs,F,14,A,C1,E0,193.7,193.70,129.6,240.40,4.5062,,
249,2004-04-09,0:00,70.4231,-147.8457,usgs,F,9,A,C0,IF,NA,NA,NA,NA,16.7906,,
249,2010-04-05,14:31,71.4407,-156.4665,usgs,F,15,A,C0,IF,193,193.00,112,171.91,4.3883,,
250,2004-04-23,0:00,70.8126,-144.8990,usgs,M,10,A,NA,AM,NA,NA,NA,NA,23.0774,,
251,2004-04-09,0:00,70.8549,-146.9988,usgs,F,15,A,C0,IF,NA,NA,NA,NA,24.2583,,
252,2013-04-15,10:42,70.4052,-147.1011,usgs,M,19,A,NA,AM,234,234.00,174.6,459.04,3.8382,,
253,2006-03-31,0:00,71.6041,-155.6009,usgs,M,16,A,NA,AM,NA,NA,NA,NA,4.1705,,
254,2004-04-25,0:00,70.3860,-143.2539,usgs,M,9,A,NA,AM,NA,NA,NA,NA,9.4649,,
255,2004-04-26,0:00,70.2326,-143.2170,usgs,M,4,S,NA,SM,NA,NA,NA,NA,5.6087,,
255,2013-04-22,16:24,70.1634,-142.1459,usgs,M,13,A,NA,AM,233,233.00,163.1,424.56,6.4394,,
256,2004-04-20,0:00,70.6126,-146.5183,usgs,M,8,A,NA,AM,NA,NA,NA,NA,8.0152,,
257,2006-03-28,0:00,71.5217,-155.4857,usgs,F,9,A,NA,UF,194,194.00,107,136.08,36.0925,,
258,2006-03-28,0:00,71.5118,-155.4751,usgs,M,19,A,NA,AM,230,230.00,166.5,453.59,6.8475,,
259,2006-03-29,0:00,71.4013,-156.8638,usgs,M,16,A,NA,AM,NA,NA,NA,NA,0.5585,,
260,2013-04-13,16:50,70.9159,-147.3127,usgs,M,15,A,NA,AM,NA,NA,NA,NA,2.2678,,
260,2014-04-06,18:04,70.8731,-148.3105,usgs,M,16,A,NA,AM,NA,NA,NA,NA,3.3978,,
261,2006-04-07,0:00,71.4548,-155.2550,usgs,F,12,A,C0,IF,NA,NA,NA,NA,9.0628,,
262,2004-03-26,15:51,71.5817,-155.4148,usgs,F,4,S,NA,SF,182,182.00,113,147.42,21.5851,,
263,2004-03-28,13:43,71.4739,-155.8843,usgs,M,3,S,NA,SM,186,186.00,112,136.08,12.7531,,
264,2004-03-28,15:40,71.5149,-155.8514,usgs,F,5,A,NA,SF,182.5,182.50,104.3,158.76,17.1294,,
265,2004-03-30,13:25,71.4931,-155.9573,usgs,M,7,A,NA,AM,NA,NA,NA,NA,9.5770,,
266,2004-03-31,10:30,71.4060,-156.6831,usgs,F,3,S,NA,SF,NA,NA,NA,NA,21.9062,,
267,2004-03-30,16:35,71.4931,-155.9573,usgs,F,3,S,NA,SF,NA,NA,NA,NA,6.9960,,
268,2004-03-31,13:49,71.5766,-156.3551,usgs,M,4,S,NA,SM,NA,NA,NA,NA,33.0203,,
268,2006-03-30,0:00,71.2448,-155.5971,usgs,M,6,A,NA,AM,NA,NA,NA,NA,8.2034,,
269,2004-04-02,0:00,71.3760,-155.1108,usgs,F,10,A,C0,IF,NA,NA,NA,NA,13.4060,,
270,2004-04-02,0:00,71.5133,-155.0144,usgs,M,19,A,NA,AM,NA,NA,NA,NA,0.5293,,
271,2004-04-03,0:00,71.3766,-155.0631,usgs,M,12,A,NA,AM,NA,NA,NA,NA,0.3672,,
271,2005-04-15,0:00,71.1631,-154.8606,usgs,M,13,A,NA,AM,233,233.00,141,408.23,25.3332,,
271,2006-04-04,0:00,71.5089,-156.2893,usgs,M,14,A,NA,AM,NA,NA,NA,NA,2.1131,,
272,2004-04-03,0:00,71.3766,-155.0631,usgs,F,10,A,NA,UF,NA,NA,NA,NA,16.3490,,
273,2004-04-04,0:00,71.3467,-155.6719,usgs,F,4,S,NA,SF,NA,NA,NA,NA,0.3837,,
274,2004-04-04,0:00,71.0683,-153.8700,usgs,F,4,S,NA,SF,NA,NA,NA,NA,8.6007,,
275,2004-04-05,0:00,71.1739,-153.1021,usgs,F,4,S,NA,SF,NA,NA,NA,NA,2.2041,,
276,2004-04-05,0:00,71.1959,-153.1284,usgs,M,14,A,NA,AM,NA,NA,NA,NA,0.4132,,
277,2004-04-06,0:00,71.1894,-155.2822,usgs,F,9,A,C0,IF,NA,NA,NA,NA,5.5059,,
277,2009-04-15,12:00,67.7916,-165.8689,fws,F,14,A,C2,E1,NA,NA,NA,NA,5.7076,,
278,2004-04-06,0:00,71.2355,-154.4681,usgs,F,6,A,NA,UF,NA,NA,NA,NA,16.9054,,
278,2013-03-30,17:46,71.5619,-156.3859,usgs,F,15,A,C2,E1,NA,NA,NA,NA,5.8735,,
279,2004-04-07,0:00,71.1497,-152.7532,usgs,M,13,A,NA,AM,NA,NA,NA,NA,3.2856,,
280,2004-04-08,0:00,71.6755,-154.1816,usgs,F,5,A,NA,SF,NA,NA,NA,NA,15.6215,,
281,2004-04-08,0:00,71.7575,-153.2965,usgs,F,12,A,C2,E1,NA,NA,NA,NA,8.9237,,
282,2004-04-09,0:00,70.4898,-147.9882,usgs,F,4,S,NA,SF,168.5,168.50,94,113.40,24.1547,,
283,2004-04-09,0:00,70.7611,-147.0664,usgs,F,5,A,NA,SF,173.5,173.50,90,113.40,19.1272,,
284,2004-04-13,0:00,70.8258,-145.9905,usgs,F,15,A,C0,IF,NA,NA,NA,NA,15.3484,,
285,2004-04-13,0:00,70.6717,-147.7431,usgs,M,4,S,NA,SM,NA,NA,NA,NA,13.0643,,
285,2013-04-01,10:39,71.4483,-156.3575,usgs,M,13,A,NA,AM,229.5,229.50,168,405.06,2.6632,,
286,2004-04-14,0:00,70.5556,-147.5354,usgs,F,10,A,NA,UF,NA,NA,NA,NA,21.3539,,
287,2004-04-16,0:00,70.7844,-148.7412,usgs,F,3,S,NA,SF,NA,NA,NA,NA,20.0636,,
287,2006-04-03,0:00,71.6691,-156.7227,usgs,F,5,A,NA,SF,NA,NA,NA,NA,8.4211,,
288,2004-04-16,0:00,70.9996,-147.6528,usgs,F,4,S,NA,SF,NA,NA,NA,NA,10.6187,,
289,2004-04-17,0:00,70.6154,-147.2001,usgs,M,16,A,NA,AM,NA,NA,NA,NA,13.0936,,
290,2004-04-17,0:00,70.6107,-146.0913,usgs,F,12,A,C0,IF,NA,NA,NA,NA,26.0264,,
291,2004-04-17,0:00,70.5792,-145.7824,usgs,F,6,A,C0,IF,NA,NA,NA,NA,34.3443,,
292,2004-04-18,0:00,70.6027,-147.3632,usgs,M,15,A,NA,AM,NA,NA,NA,NA,13.6243,,
293,2004-04-19,0:00,70.9546,-147.0779,usgs,M,19,A,NA,AM,NA,NA,NA,NA,0.5377,,
294,2004-04-22,0:00,70.7018,-144.9516,usgs,F,5,A,NA,SF,NA,NA,NA,NA,4.2340,,
295,2004-04-23,0:00,70.7625,-145.2362,usgs,M,8,A,NA,AM,NA,NA,NA,NA,17.7512,,
296,2004-04-23,0:00,70.9091,-144.6011,usgs,M,23,A,NA,AM,NA,NA,NA,NA,0.4639,,
297,2013-04-14,10:50,70.7374,-146.3750,usgs,F,11,A,C2,E1,195.5,195.50,131.2,219.99,3.9487,,
298,2009-05-18,12:09,70.1880,-142.7603,usgs,F,7,A,C0,IF,NA,NA,NA,NA,3.3775,,
299,2004-04-26,0:00,70.2047,-143.5045,usgs,F,17,A,C1,E0,NA,NA,NA,NA,0.4172,,
300,2004-04-26,0:00,70.2315,-142.3564,usgs,F,5,A,NA,SF,NA,NA,NA,NA,17.7607,,
301,2004-04-26,0:00,70.2315,-142.3564,usgs,M,9,A,NA,AM,NA,NA,NA,NA,3.4723,,
302,2004-04-27,0:00,70.2217,-142.7395,usgs,F,3,S,NA,SF,NA,NA,NA,NA,15.3197,,
303,2004-04-27,0:00,70.5051,-142.5611,usgs,M,10,A,NA,AM,NA,NA,NA,NA,24.6282,,
304,2004-04-27,0:00,70.5487,-142.5592,usgs,F,9,A,NA,UF,NA,NA,NA,NA,13.9302,,
305,2004-04-29,0:00,70.1999,-143.5986,usgs,F,5,A,NA,SF,NA,NA,NA,NA,26.7968,,
306,2004-05-01,0:00,70.1048,-142.0870,usgs,F,10,A,NA,UF,NA,NA,NA,NA,0.4075,,
307,2004-05-01,0:00,70.1048,-142.0870,usgs,M,18,A,NA,AM,NA,NA,NA,NA,11.1816,,
308,2004-05-02,0:00,70.8550,-141.7150,usgs,M,10,A,NA,AM,NA,NA,NA,NA,23.2913,,
309,2014-04-19,15:46,70.9794,-142.9954,usgs,M,11,A,NA,AM,NA,NA,NA,NA,3.8842,,
310,2008-04-13,16:56,71.4133,-156.1208,usgs,F,5,A,NA,SF,208,208.00,118.5,206.38,3.1266,,
311,2005-04-13,0:00,70.8773,-148.9353,usgs,M,13,A,NA,AM,222,222.00,136,408.23,10.4201,,
312,2005-04-13,0:00,70.5550,-148.0835,usgs,F,10,A,C0,IF,NA,NA,NA,NA,7.7290,,
313,2005-04-14,0:00,70.8324,-150.6558,usgs,F,21,A,C1,E0,180,180.00,110,158.76,13.4337,,
314,2013-04-23,11:29,70.5537,-144.9725,usgs,F,8,A,C0,IF,195,195.00,113.2,169.19,5.5749,,
315,2006-03-30,0:00,71.1636,-153.2678,usgs,F,6,A,NA,UF,173.5,173.50,105.2,113.40,0.4210,,
316,2006-03-31,0:00,71.5592,-156.2142,usgs,M,4,S,NA,SM,NA,NA,NA,NA,0.4040,,
317,2006-04-03,0:00,71.5162,-157.1585,usgs,M,8,A,NA,AM,NA,NA,NA,NA,0.4249,,
318,2006-04-05,0:00,71.5436,-155.4575,usgs,M,8,A,NA,AM,NA,NA,NA,NA,0.3812,,
319,2006-04-05,0:00,71.5769,-155.3919,usgs,M,18,A,NA,AM,NA,NA,NA,NA,5.6081,,
320,2006-04-06,0:00,71.8666,-156.7557,usgs,F,20,A,C1,E0,NA,NA,NA,NA,3.2356,,
321,2006-04-06,0:00,71.5451,-156.7529,usgs,M,9,A,NA,AM,NA,NA,NA,NA,15.1025,,
322,2006-04-07,0:00,71.5013,-155.2696,usgs,F,3,S,NA,SF,NA,NA,NA,NA,24.6642,,
323,2006-04-11,0:00,70.8719,-146.5117,usgs,M,12,A,NA,AM,227,227.00,148,356.07,12.4145,,
324,2006-04-12,0:00,70.4523,-147.3845,usgs,F,3,S,NA,SF,176,176.00,104,129.27,16.7701,,
325,2009-05-19,13:25,70.6449,-147.9489,usgs,F,5,A,NA,SF,196,196.00,116.5,190.51,4.4458,,
325,2014-04-09,16:35,70.3877,-146.3941,usgs,F,10,A,C0,IF,204.5,204.50,129.1,211.37,3.9119,,
326,2010-04-08,11:48,71.4068,-156.5173,usgs,F,7,A,NA,UF,195,195.00,109.6,173.73,3.5149,,
327,2013-04-19,17:26,70.0046,-142.2760,usgs,M,17,A,NA,AM,226,226.00,162.5,400.52,3.3921,,
327,2014-04-23,18:24,70.1031,-142.4285,usgs,M,18,A,NA,AM,225.6,225.60,149.7,387.37,4.7341,,
328,2008-04-03,14:17,71.4390,-154.7628,usgs,F,9,A,NA,UF,202,202.00,112,185.97,4.5655,,
329,2008-04-09,18:30,71.0250,-152.9762,usgs,F,11,A,C0,IF,194,194.00,113,171.46,3.5516,,
329,2009-03-27,14:25,71.5049,-155.7022,usgs,F,12,A,NA,UF,201,201.00,131.1,203.66,3.9155,,
330,2008-04-12,14:07,71.0760,-153.9028,usgs,F,8,A,NA,UF,193,193.00,113,170.10,4.8506,,
331,2008-04-29,18:45,70.2189,-143.4784,usgs,F,4,S,NA,SF,201,201.00,120.3,210.92,5.1817,,
332,2008-05-10,15:34,70.3098,-143.4624,usgs,F,13,A,C0,IF,197,197.00,118.7,221.35,2.6224,,
333,2008-05-13,18:03,70.3518,-144.5097,usgs,F,11,A,NA,UF,202,202.00,108,171.00,6.2968,,
334,2008-05-15,19:39,70.1960,-142.6893,usgs,F,4,S,NA,SF,188,188.00,108.6,172.82,7.0560,,
334,2013-04-13,10:20,70.9684,-146.8871,usgs,F,9,A,NA,UF,202.5,202.50,124.9,206.84,5.2360,,
335,2010-04-19,17:15,70.2520,-145.7283,usgs,F,7,A,NA,UF,205,205.00,114,186.88,0.3114,,
336,2014-04-28,16:12,70.5729,-141.6241,usgs,M,7,A,NA,AM,245,245.00,175,482.62,4.8850,,
337,2014-04-08,17:24,70.5078,-147.9662,usgs,M,6,A,NA,AM,217,217.00,140,272.16,4.6801,,
338,2014-04-26,13:34,70.4273,-144.1631,usgs,M,6,A,NA,AM,230,230.00,155,347.45,4.3308,,
339,2010-04-05,17:26,71.1268,-157.1793,usgs,F,9,A,C0,IF,202,202.00,126,203.21,3.7205,,
340,2013-04-18,11:51,70.9256,-150.1192,usgs,F,11,A,NA,UF,195,195.00,129.5,221.81,4.2773,,
340,2014-04-10,17:12,70.7258,-147.4999,usgs,F,12,A,C0,IF,186.8,186.80,174.3,210.01,3.4368,,
341,2013-04-19,15:18,70.1449,-142.9528,usgs,F,10,A,C0,IF,203,203.00,129,184.16,5.0582,,
341,2014-04-12,18:40,71.0158,-149.4403,usgs,F,11,A,NA,UF,198.8,198.80,132.4,223.62,6.2519,,
342,2014-04-06,13:39,71.0445,-149.3902,usgs,M,5,A,NA,SM,226,226.00,150.6,318.88,2.7836,,
343,2009-05-08,9:45,70.7179,-147.8471,usgs,F,7,A,C0,IF,195.5,195.50,116.2,195.50,5.0878,,
344,2010-04-09,16:10,70.6910,-147.9556,usgs,F,9,A,NA,UF,191,191.00,128,219.99,3.2555,,
345,2013-03-27,10:39,71.4326,-156.4457,usgs,M,4,S,NA,SM,217,217.00,136.2,266.71,2.8876,,
346,2008-04-09,12:00,67.0385,-165.8695,fws,F,7,A,NA,UF,205,205.00,133.5,309.09,6.5126,,
347,2008-04-09,12:00,67.1635,-165.9726,fws,M,4,S,NA,SM,219,219.00,132,310.00,6.5178,,
348,2008-04-10,12:00,67.3791,-166.4797,fws,F,12,A,C1,E0,199,199.00,136,263.64,5.2390,,
349,2008-04-10,12:00,67.0827,-165.3627,fws,M,18,A,NA,AM,NA,NA,NA,NA,5.8633,,
350,2008-04-23,12:00,67.7612,-166.0712,fws,M,16,A,NA,AM,238,238.00,178.8,530.70,3.8519,,
351,2008-04-25,12:00,67.9043,-166.0771,fws,F,4,S,NA,SF,180,180.00,119,166.82,5.9603,,
352,2008-04-28,12:00,67.6532,-166.5486,fws,F,11,A,NA,UF,202.5,202.50,146.4,299.55,5.0966,,
353,2009-04-01,12:00,67.8776,-167.0104,fws,M,6,A,NA,AM,NA,NA,NA,NA,6.1986,,
354,2009-04-01,12:00,68.0344,-167.4030,fws,M,4,S,NA,SM,NA,NA,NA,NA,4.4428,,
355,2009-04-01,12:00,67.9551,-166.9837,fws,M,8,A,NA,AM,NA,NA,NA,NA,5.3570,,
356,2009-04-02,12:00,67.9733,-167.3296,fws,F,4,S,NA,SF,NA,NA,NA,NA,5.7775,,
357,2009-04-02,12:00,68.0450,-167.0538,fws,F,5,A,NA,SF,NA,NA,NA,NA,5.1458,,
358,2009-04-03,12:00,67.8367,-166.9271,fws,F,6,A,NA,UF,NA,NA,NA,NA,12.0471,,
359,2009-04-03,12:00,67.8367,-166.9271,fws,M,16,A,NA,AM,NA,NA,NA,NA,4.4806,,
360,2009-04-03,12:00,67.5698,-167.4164,fws,M,4,S,NA,SM,NA,NA,NA,NA,3.7880,,
361,2009-04-04,12:00,67.5906,-167.6595,fws,M,9,A,NA,AM,NA,NA,NA,NA,5.2470,,
362,2009-04-12,12:00,67.7610,-166.5560,fws,F,8,A,NA,UF,NA,NA,NA,NA,5.6937,,
363,2009-04-12,12:00,68.3762,-167.2502,fws,M,4,S,NA,SM,NA,NA,NA,NA,4.5088,,
364,2009-04-13,12:00,67.4666,-168.1230,fws,M,16,A,NA,AM,NA,NA,NA,NA,4.3523,,
365,2009-04-15,12:00,67.7759,-165.8556,fws,M,14,A,NA,AM,NA,NA,NA,NA,5.5621,,
366,2009-04-16,12:00,68.2555,-166.8212,fws,M,23,A,NA,AM,NA,NA,NA,NA,3.7104,,
367,2009-04-17,12:00,67.6909,-165.4754,fws,F,7,A,C1,E0,NA,NA,NA,NA,4.3040,,
367,2010-03-20,12:00,67.9399,-166.4681,fws,F,8,A,C2,E1,NA,NA,NA,NA,6.9739,,
368,2009-04-18,12:00,68.7471,-167.3192,fws,F,22,A,C2,E1,NA,NA,NA,NA,22.6886,,
369,2009-04-21,12:00,67.8605,-166.4745,fws,F,11,A,NA,UF,NA,NA,NA,NA,6.4088,,
370,2009-05-01,12:00,68.0584,-167.6215,fws,M,5,A,NA,SM,NA,NA,NA,NA,5.3887,,
371,2010-03-16,12:00,67.0562,-165.4325,fws,F,12,A,C1,E0,NA,NA,NA,NA,4.0664,,
372,2010-03-30,12:00,68.4512,-167.4168,fws,F,5,A,NA,SF,NA,NA,NA,NA,4.4046,,
373,2010-04-02,12:00,68.0891,-167.6366,fws,M,22,A,NA,AM,NA,NA,NA,NA,3.3512,,
374,2010-04-03,12:00,67.9876,-167.6197,fws,F,10,A,C1,E0,NA,NA,NA,NA,4.1065,,
375,2010-04-04,12:00,67.8946,-167.7502,fws,M,12,A,NA,AM,NA,NA,NA,NA,4.2743,,
376,2016-04-06,12:00,67.0715,-166.4683,fws,F,17,A,C1,E0,NA,NA,NA,NA,5.6774,,
377,2010-04-19,12:00,67.0159,-166.2390,fws,F,20,A,C2,E1,NA,NA,NA,NA,3.8835,,
378,2015-04-14,12:00,67.6715,-166.1850,fws,M,12,A,NA,AM,NA,NA,NA,NA,6.2985,,
378,2016-04-14,12:00,67.5130,-166.0492,fws,M,13,A,NA,AM,NA,NA,NA,NA,4.3966,,
379,2010-04-22,12:00,67.8414,-166.8412,fws,F,14,A,C1,E0,NA,NA,NA,NA,3.6518,,
380,2011-03-15,12:00,67.7147,-166.4682,fws,F,13,A,C2,E1,NA,NA,NA,NA,4.2666,,
381,2011-03-15,12:00,67.6922,-166.4866,fws,M,24,A,NA,AM,NA,NA,NA,NA,3.5577,,
382,2011-03-17,12:00,67.3198,-166.3746,fws,M,4,S,NA,SM,NA,NA,NA,NA,5.8296,,
383,2013-04-27,16:07,69.8627,-141.8791,usgs,F,3,S,NA,SF,188.5,188.50,109,155.13,4.6627,,
384,2010-05-04,13:49,70.7953,-147.0478,usgs,F,9,A,NA,UF,197,197.00,114,193.23,4.3978,,
385,2013-03-31,11:37,71.4161,-156.4914,usgs,M,8,A,NA,AM,NA,NA,NA,NA,2.3773,,
386,2014-04-28,16:12,70.5729,-141.6241,usgs,F,4,S,NA,SF,203.6,203.60,125,206.38,8.7381,,
387,2013-04-26,16:13,70.0582,-142.0203,usgs,M,6,A,NA,AM,224,224.00,144.5,285.76,5.8196,,
388,2014-04-14,11:56,71.1765,-149.1057,usgs,M,5,A,NA,SM,206,206.00,185,232.24,1.9919,,
389,2014-04-14,17:21,70.4362,-147.1699,usgs,F,3,S,NA,SF,NA,NA,NA,NA,4.5490,,
390,2013-03-29,14:16,71.4812,-155.4430,usgs,M,6,A,NA,AM,214,214.00,156.2,292.57,3.0418,,
391,2013-03-24,13:45,71.5416,-157.1659,usgs,F,8,A,NA,UF,198.1,198.10,120.6,184.61,3.1853,,
392,2013-04-03,15:26,70.8698,-149.5094,usgs,F,4,S,NA,SF,NA,NA,NA,NA,4.3948,,
392,2014-04-13,12:57,70.7349,-148.7198,usgs,F,5,A,C0,SF,198,198.00,126.6,183.70,6.0689,,
393,2013-03-25,11:57,71.4597,-156.4025,usgs,M,4,S,NA,SM,201,201.00,123.5,208.65,5.9220,,
394,2013-03-28,10:17,71.5208,-156.7102,usgs,M,4,S,NA,SM,213.5,213.50,141,254.92,3.2629,,
395,2013-03-28,12:31,71.6289,-156.5205,usgs,M,7,A,NA,AM,194,194.00,123.9,167.38,2.8562,,
396,2013-03-28,14:18,71.5327,-156.5517,usgs,M,16,A,NA,AM,NA,NA,NA,NA,2.1512,,
397,2013-03-28,17:29,71.4638,-155.8441,usgs,M,3,S,NA,SM,213,213.00,130.9,267.62,2.8482,,
398,2013-03-29,16:19,71.5968,-154.9243,usgs,F,15,A,C1,E0,205,205.00,125,180.53,3.0348,,
399,2013-03-31,13:36,71.5604,-156.3934,usgs,F,5,A,NA,SF,187,187.00,123,169.64,1.3752,,
400,2013-03-31,15:55,71.8353,-155.7732,usgs,M,12,A,NA,AM,NA,NA,NA,NA,2.6959,,
401,2013-04-01,12:39,71.6621,-155.4196,usgs,F,5,A,NA,SF,217.3,217.30,136.3,253.10,6.2025,,
402,2013-04-01,12:39,71.6621,-155.4196,usgs,F,6,A,NA,UF,NA,NA,NA,NA,4.2976,,
403,2013-04-03,15:26,70.8698,-149.5094,usgs,M,3,S,NA,SM,NA,NA,NA,NA,5.2544,,
404,2014-04-13,10:40,70.5003,-148.8920,usgs,F,3,S,NA,SF,190,190.00,128.2,183.25,4.5542,,
405,2013-04-13,10:20,70.9684,-146.8871,usgs,M,5,A,NA,SM,206,206.00,122.1,224.07,3.0295,,
406,2013-04-16,17:06,71.1239,-146.6219,usgs,F,5,A,NA,SF,188.6,188.60,116.5,161.03,7.2824,,
407,2013-04-17,15:10,70.8666,-148.4591,usgs,F,2,D,NA,DY,NA,NA,NA,NA,5.4362,,
408,2013-04-18,14:19,70.9483,-149.9500,usgs,F,7,A,NA,UF,199,199.00,117.5,192.32,5.8362,,
409,2013-04-26,16:13,70.0582,-142.0203,usgs,F,3,S,NA,SF,193.5,193.50,114.5,181.44,6.0485,,
409,2014-04-14,15:08,70.2648,-145.4105,usgs,F,4,S,C0,SF,196,196.00,120.8,190.06,1.6825,,
410,2013-04-27,10:55,70.1409,-142.9137,usgs,M,3,S,NA,SM,186,186.00,103,118.84,4.9474,,
410,2014-04-23,16:21,70.2198,-142.8770,usgs,M,4,S,NA,SM,199.6,199.60,116.3,210.47,3.2213,,
411,2013-04-27,11:59,70.1398,-142.8638,usgs,M,3,S,NA,SM,168.5,168.50,118,142.88,5.4246,,
412,2013-04-27,18:06,70.1623,-141.9666,usgs,F,4,S,NA,SF,NA,NA,NA,NA,6.5131,,
413,2014-03-25,11:51,72.0610,-155.0068,usgs,M,5,A,NA,SM,221,221.00,123.5,229.06,2.3961,,
414,2014-03-30,9:54,71.5713,-156.0573,usgs,M,3,S,NA,SM,199,199.00,125.5,202.76,4.7451,,
415,2014-03-31,14:18,71.6659,-156.2063,usgs,F,18,A,C1,E0,203.3,203.30,127.8,217.72,3.1256,,
416,2014-04-06,18:04,70.8731,-148.3105,usgs,F,8,A,NA,UF,183.3,183.30,120.5,147.87,4.3182,,
417,2014-04-07,11:08,70.8796,-148.2898,usgs,M,3,S,NA,SM,207.5,207.50,131.1,238.14,5.2268,,
418,2014-04-08,17:24,70.5078,-147.9662,usgs,F,5,A,NA,SF,187.8,187.80,108,166.92,4.7016,,
419,2014-04-10,13:05,70.5166,-146.7975,usgs,F,6,A,NA,UF,193.8,193.80,116.3,199.13,6.5984,,
420,2014-04-13,16:23,70.5265,-148.2122,usgs,F,4,S,NA,SF,184.6,184.60,120.9,174.63,6.4475,,
421,2014-04-15,11:00,70.6054,-151.8997,usgs,F,10,A,C0,IF,191,191.00,120.6,160.12,4.7906,,
422,2014-04-15,15:11,71.7207,-152.5588,usgs,F,5,A,NA,SF,198.2,198.20,167.2,196.41,5.7625,,
423,2014-04-20,15:32,70.1344,-142.0083,usgs,F,2,D,NA,DY,NA,NA,NA,NA,4.3899,,
424,2014-04-20,16:59,70.2234,-142.3341,usgs,F,2,D,NA,DY,NA,NA,NA,NA,5.4574,,
425,2014-04-21,10:39,70.4792,-143.0607,usgs,F,3,S,NA,SF,190.5,190.50,132.6,196.86,7.5014,,
426,2014-04-29,11:20,70.6189,-141.5016,usgs,F,2,D,NA,DY,NA,NA,NA,NA,6.5133,,
427,2014-04-29,12:42,70.6325,-141.4659,usgs,F,3,S,NA,SF,191.8,191.80,110.4,165.56,4.5079,,
428,2011-04-20,12:00,66.6500,-165.9905,fws,M,4,S,NA,SM,NA,NA,NA,NA,6.6218,,
429,2011-04-20,12:00,66.5747,-166.7243,fws,M,4,S,NA,SM,NA,NA,NA,NA,7.6427,,
430,2016-04-05,12:00,67.6516,-166.4784,fws,M,5,A,NA,SM,NA,NA,NA,NA,5.9895,,
431,2011-04-21,12:00,66.7885,-166.1590,fws,M,5,A,NA,SM,NA,NA,NA,NA,4.0442,,
432,2011-04-22,12:00,67.0552,-165.2271,fws,M,4,S,NA,SM,NA,NA,NA,NA,6.8118,,
433,2011-04-22,12:00,67.1551,-166.5118,fws,M,5,A,NA,SM,NA,NA,NA,NA,3.4926,,
434,2011-04-22,12:00,67.0170,-166.0845,fws,F,4,S,NA,SF,NA,NA,NA,NA,6.2414,,
435,2011-04-22,12:00,66.7330,-165.4943,fws,F,15,A,C1,E0,NA,NA,NA,NA,5.0660,,
436,2011-04-24,12:00,67.3711,-165.6397,fws,M,8,A,NA,AM,NA,NA,NA,NA,7.2718,,
437,2011-04-25,12:00,66.5337,-165.7636,fws,M,6,A,NA,AM,NA,NA,NA,NA,5.3474,,
438,2011-04-27,12:00,67.4011,-166.6877,fws,M,17,A,NA,AM,NA,NA,NA,NA,5.4688,,
439,2016-03-29,12:00,67.4176,-167.9318,fws,F,19,A,NA,UF,NA,NA,NA,NA,5.2035,,
440,2016-04-06,12:00,67.0996,-166.4566,fws,M,8,A,NA,AM,NA,NA,NA,NA,6.3228,,
441,2016-03-22,12:00,66.7694,-166.4526,fws,M,12,A,NA,AM,NA,NA,NA,NA,5.8048,,
442,2016-03-25,12:00,67.5385,-167.6616,fws,M,3,S,NA,SM,NA,NA,NA,NA,12.6429,,
443,2016-03-26,12:00,67.5723,-167.5972,fws,F,12,A,C2,E1,NA,NA,NA,NA,5.3719,,
444,2016-03-28,12:00,67.5087,-167.8084,fws,F,6,A,C1,E0,NA,NA,NA,NA,3.4159,,
445,2016-04-05,12:00,67.6118,-166.2185,fws,F,4,S,NA,SF,NA,NA,NA,NA,4.3985,,
446,2016-04-05,12:00,67.8209,-167.1943,fws,F,14,A,C1,E0,NA,NA,NA,NA,3.3258,,
447,2016-04-07,12:00,67.2601,-166.1235,fws,F,20,A,C1,E0,NA,NA,NA,NA,3.7809,,
448,2016-04-07,12:00,67.2416,-165.7575,fws,F,9,A,NA,UF,NA,NA,NA,NA,5.2398,,
449,2016-04-08,12:00,67.4838,-167.6558,fws,F,16,A,C1,E0,NA,NA,NA,NA,20.1299,,
450,2016-04-09,12:00,67.1089,-166.0737,fws,F,16,A,C2,E1,NA,NA,NA,NA,6.4287,,
451,2016-04-10,12:00,67.4060,-166.6951,fws,M,7,A,NA,AM,NA,NA,NA,NA,7.6164,,
452,2016-04-12,12:00,66.7081,-166.9778,fws,M,9,A,NA,AM,NA,NA,NA,NA,3.5461,,
453,2016-04-12,12:00,66.5289,-167.5197,fws,F,21,A,C2,E1,NA,NA,NA,NA,6.7411,,
454,2016-04-14,12:00,67.2910,-166.4001,fws,F,10,A,C1,E0,NA,NA,NA,NA,3.3051,,
455,2016-04-14,12:00,67.0708,-166.8612,fws,F,5,A,NA,SF,NA,NA,NA,NA,4.2572,,
456,2016-04-26,12:00,66.6856,-166.7442,fws,F,NA,A,C1,E1,NA,NA,NA,NA,4.1958,,
457,2009-05-17,17:14,70.2130,-142.7284,usgs,F,6,A,NA,UF,201,201.00,114.3,194.14,4.2892,,
458,2013-04-22,11:30,70.2696,-142.8776,usgs,F,13,A,C0,IF,198,198.00,134.7,208.20,3.3183,,
459,2006-03-31,0:00,71.5134,-156.2096,usgs,F,20,A,NA,UF,NA,NA,NA,NA,20.9677,,
460,2008-05-07,18:55,70.2120,-143.3930,usgs,F,5,A,NA,SF,186,186.00,107.5,164.65,4.8248,,
461,2006-04-06,0:00,71.6311,-154.8622,usgs,M,8,A,NA,AM,NA,NA,NA,NA,17.0108,,
461,2014-04-09,12:53,70.8455,-147.4522,usgs,M,16,A,NA,AM,234.4,234.40,162,462.66,4.6308,,
462,2010-04-12,18:09,70.3688,-142.7168,usgs,F,8,A,C0,IF,192,192.00,113.4,169.64,4.6128,,
463,2009-05-08,18:39,70.6994,-147.6570,usgs,F,10,A,NA,UF,199.2,199.20,124.7,195.50,5.2445,,
464,2006-04-03,0:00,71.4807,-156.4174,usgs,F,13,A,C1,E0,NA,NA,NA,NA,8.2635,,
465,2013-04-14,16:12,70.9285,-149.6872,usgs,F,10,A,NA,UF,190,190.00,122.5,189.60,5.2206,,
